address_enricher,count,mean,std,min,25%,50%,75%,max
False,174412.0,315.45920578859256,308.8994507285331,1.0,138.0,235.0,392.0,10146.0
True,21984.0,253.63387008733625,218.44938276598302,2.0,127.0,203.0,317.25,3414.0
